<?xml version="1.0" encoding="UTF-8"?>
<addon id="plugin.program.worldtvsportsmessage" version="1.7"
       name="WorldTV Sports Notifer" provider-name="AJGSportsNY.net">
  <requires>
  	<import addon="xbmc.python" version="2.1.0"/>
  	<import addon="script.module.addon.common" optional="true" />
  </requires>
  <extension point="xbmc.python.script" library="default.py">
    <provides>executable</provides>
  </extension>
  <extension point="xbmc.service" library="service.py" start="startup">
  </extension>
  <extension point="xbmc.addon.metadata">
  	<summary>WorldTV Notifer</summary>
  	<description>Receive Important News Updates With WorldTV Notifer. Unsubscribe within Add-on Settings.</description>
  	<disclaimer>We take no responsibility for any problems this plugin might in any way, form, shape or size cause.</disclaimer>
  	<language>en</language>
  	<platform>all</platform>
  	<forum>http://www.ajgsportsny.net/worldtvmedia</forum>
  	<website>http://www.ajgsportsny.net</website>
  	<source></source>
  	<email></email>
  </extension>
</addon>
