<?xml version="1.0" encoding="UTF-8" standalone="yes"?>
<addon id="program.worldtvclean"
       name="[COLOR red]WORLD CLEANER[/COLOR]"
       version="1.0.3"
       provider-name="Rockcrusher">
  <requires>
    <import addon="xbmc.python" version="2.1.0"/>
  </requires>
  <extension point="xbmc.python.pluginsource" library="default.py">
        <provides>executable</provides>
  </extension>
  <extension point="xbmc.addon.metadata">
    <platform>all</platform>
    <summary></summary>
    <description>
	Simple tool for cleaning Kodi and its file system.
    </description>
    <language></language>
  </extension>
</addon>
