<?xml version="1.0" encoding="UTF-8" standalone="yes"?>
<addon id="plugin.video.worldtvwizard-1.0.0" name="World TV Wizard" version="1.0.0" provider-name="AJGSportsTalk">
  <requires>
    <import addon="xbmc.python" version="2.1.0"/>
  </requires>
  <extension point="xbmc.python.pluginsource" library="default.py">
        <provides>video executable</provides>
  </extension>
  <extension point="xbmc.addon.metadata">
    <summary lang="en">World Tv MediaWizard</summary>
    <description lang="en">Best World TV Media Center</description>
	<website>http://ajgsportstalk.com</website>
    <platform>all</platform>
  </extension>
</addon>
