<?xml version="1.0" encoding="UTF-8" standalone="yes"?>
<addon id="repository.worldtvrepo-1.5" name="WorldTV Repo" version="1.5" provider-name="AJGSportsNY">
	<extension point="xbmc.addon.repository" name="WorldTV Repository">
		</dir>
		<info compressed="false">https://raw.githubusercontent.com/ajg1915/repository.worldtvrepo-1.6/master/zips/addons.xml</info>
		<checksum>https://raw.githubusercontent.com/ajg1915/repository.worldtvrepo-1.6/master/zips/addons.xml.md5</checksum>
		<datadir zip="true">https://raw.githubusercontent.com/ajg1915/repository.worldtvrepo-1.6/master/zips/</datadir>
	</extension>
	<extension point="xbmc.addon.metadata">
		<summary lang="en">WorldTV</summary>
		<description lang="en">WorldTV Repo</description>
		<genre></genre>
	</extension>
</addon>